tenant_id,customer_type,full_name,company_name,contact_person,email,phone_number
T0001,private,Ellen Vollbrecht,,,ellen.vollbrecht@example.com,+49 1720938055
T0002,private,Karlfried Plath,,,karlfried.plath@example.com,+49 1403132400
T0003,private,Mandy Hermann,,,mandy.hermann@example.com,+49 1749671171
T0004,private,Korinna Trub,,,korinna.trub@example.com,+49 1296967157
T0005,private,Heinz-Günther Ackermann,,,heinz.guenther.ackermann@example.com,+49 1079035215
T0006,private,Pascale Patberg,,,pascale.patberg@example.com,+49 1935443825
T0007,private,Traute Bolander,,,traute.bolander@example.com,+49 1920291882
T0008,private,Valerie Wagner,,,valerie.wagner@example.com,+49 1580272966
T0009,private,Konstantinos Gude,,,konstantinos.gude@example.com,+49 1984294774
T0010,private,Teresa Jäkel,,,teresa.jaekel@example.com,+49 1734890679
T0011,private,Hans-Karl Paffrath,,,hans.karl.paffrath@example.com,+49 1697858709
T0012,private,Karsten Paffrath,,,karsten.paffrath@example.com,+49 1029568492
T0013,private,Marleen Schwital,,,marleen.schwital@example.com,+49 1025089881
T0014,private,Urszula Preiß,,,urszula.preiss@example.com,+49 1650517124
T0015,private,Riza Grein Groth,,,riza.grein.groth@example.com,+49 1523997448
T0016,private,Franco Lindau,,,franco.lindau@example.com,+49 1906797357
T0017,private,Hugo Metz,,,hugo.metz@example.com,+49 1061737194
T0018,private,Edmund Börner,,,edmund.boerner@example.com,+49 1005918479
T0019,private,Sofia Käster,,,sofia.kaester@example.com,+49 1551445888
T0020,private,Frieda Wagner,,,frieda.wagner@example.com,+49 1286732815
T0021,private,Henning Hartung,,,henning.hartung@example.com,+49 1047363087
T0022,private,Horst-Dieter Holsten,,,horst.dieter.holsten@example.com,+49 1984825925
T0023,private,Kenan Jacobi Jäckel,,,kenan.jacobi.jaeckel@example.com,+49 1260375997
T0024,private,Inga Mentzel,,,inga.mentzel@example.com,+49 1314765912
T0025,private,Janet Fritsch,,,janet.fritsch@example.com,+49 1799178400
T0026,private,Lioba Weitzel,,,lioba.weitzel@example.com,+49 1203525058
T0027,private,Bartholomäus Hering,,,bartholomaeus.hering@example.com,+49 1714316517
T0028,private,Hans-Martin Rosenow,,,hans.martin.rosenow@example.com,+49 1208632412
T0029,private,Freia Fröhlich,,,freia.froehlich@example.com,+49 1114065400
T0030,private,Jerzy Rogge,,,jerzy.rogge@example.com,+49 1774786054
T0031,private,Heinz-Peter Geißler,,,heinz.peter.geissler@example.com,+49 1359147688
T0032,private,Gotthilf Etzler,,,gotthilf.etzler@example.com,+49 1319752279
T0033,private,Hedy Scheibe,,,hedy.scheibe@example.com,+49 1356564666
T0034,private,Hans-Wilhelm Römer,,,hans.wilhelm.roemer@example.com,+49 1159677792
T0035,private,Erica Klemm,,,erica.klemm@example.com,+49 1473575195
T0036,private,Mesut Ladeck,,,mesut.ladeck@example.com,+49 1342705639
T0037,private,Sigrid Ritter,,,sigrid.ritter@example.com,+49 1408153459
T0038,private,Yasmin Jähn,,,yasmin.jaehn@example.com,+49 1817591153
T0039,private,Eckhard Carsten,,,eckhard.carsten@example.com,+49 1360322263
T0040,private,Ernst-Otto Rörricht,,,ernst.otto.roerricht@example.com,+49 1624658191
T0041,private,Rosa Rädel,,,rosa.raedel@example.com,+49 1663900542
T0042,private,Henny Schleich,,,henny.schleich@example.com,+49 1643141355
T0043,private,Bernd Nohlmans,,,bernd.nohlmans@example.com,+49 1954183185
T0044,private,Mariusz Meyer,,,mariusz.meyer@example.com,+49 1547742316
T0045,private,Wally Söding,,,wally.soeding@example.com,+49 1910496205
T0046,private,Madlen Plath,,,madlen.plath@example.com,+49 1204579232
T0047,private,Willi Jacobi Jäckel,,,willi.jacobi.jaeckel@example.com,+49 1037886061
T0048,private,Ahmad Pohl,,,ahmad.pohl@example.com,+49 1660723411
T0049,private,Elwira Holsten,,,elwira.holsten@example.com,+49 1970163878
T0050,private,Annegrete Graf,,,annegrete.graf@example.com,+49 1741915336
T0051,private,Anka Stroh,,,anka.stroh@example.com,+49 1283553722
T0052,private,Natalia Bolander,,,natalia.bolander@example.com,+49 1200398083
T0053,private,Björn Dobes,,,bjoern.dobes@example.com,+49 1695794046
T0054,private,Urszula Sauer,,,urszula.sauer@example.com,+49 1755426668
T0055,private,Wladimir Geißler,,,wladimir.geissler@example.com,+49 1982951946
T0056,private,Magrit Davids,,,magrit.davids@example.com,+49 1387566361
T0057,private,Hans Jörg Jäkel,,,hans.joerg.jaekel@example.com,+49 1863404841
T0058,private,Cosima Stolze,,,cosima.stolze@example.com,+49 1799441294
T0059,private,Marika Berger,,,marika.berger@example.com,+49 1170681743
T0060,private,Marlies Hörle,,,marlies.hoerle@example.com,+49 1407920181
T0061,private,Hans Dieter Rädel,,,hans.dieter.raedel@example.com,+49 1302430245
T0062,private,Till Mohaupt,,,till.mohaupt@example.com,+49 1805094393
T0063,private,Manuela Gunpf,,,manuela.gunpf@example.com,+49 1287973639
T0064,private,Erika Noack,,,erika.noack@example.com,+49 1206234038
T0065,private,Ramazan Kroker,,,ramazan.kroker@example.com,+49 1888467471
T0066,private,Gero Niemeier,,,gero.niemeier@example.com,+49 1739036117
T0067,private,Gilda Striebitz,,,gilda.striebitz@example.com,+49 1367994780
T0068,private,Alan Trommler,,,alan.trommler@example.com,+49 1095368392
T0069,private,Inka Schuchhardt,,,inka.schuchhardt@example.com,+49 1679195039
T0070,private,Annekatrin Vogt,,,annekatrin.vogt@example.com,+49 1124532794
T0071,private,Otto Schleich,,,otto.schleich@example.com,+49 1179260467
T0072,private,Luzia Zobel,,,luzia.zobel@example.com,+49 1578707730
T0073,private,Emmi Albers,,,emmi.albers@example.com,+49 1252626278
T0074,private,Sven Seifert,,,sven.seifert@example.com,+49 1778961191
T0075,private,Mato Vollbrecht,,,mato.vollbrecht@example.com,+49 1319455834
T0076,private,Erik Hettner,,,erik.hettner@example.com,+49 1335806897
T0077,private,Cindy Hering,,,cindy.hering@example.com,+49 1003128316
T0078,private,Paulo Kruschwitz,,,paulo.kruschwitz@example.com,+49 1041901095
T0079,private,Tania Krein,,,tania.krein@example.com,+49 1600771195
T0080,private,Louise Herrmann,,,louise.herrmann@example.com,+49 1225537288
T0081,private,Wally Klemm,,,wally.klemm@example.com,+49 1050428057
T0082,private,Arif Scheel,,,arif.scheel@example.com,+49 1499931565
T0083,private,Claas Fritsch,,,claas.fritsch@example.com,+49 1666283412
T0084,private,Anto Albers,,,anto.albers@example.com,+49 1041675250
T0085,private,Reinald Neureuther,,,reinald.neureuther@example.com,+49 1201683993
T0086,private,Francis Klingelhöfer,,,francis.klingelhoefer@example.com,+49 1694715703
T0087,private,Carola Stey,,,carola.stey@example.com,+49 1461424635
T0088,private,Torben Stadelmann,,,torben.stadelmann@example.com,+49 1200650467
T0089,private,Dorothe Junitz,,,dorothe.junitz@example.com,+49 1259824882
T0090,private,Michael Fritsch,,,michael.fritsch@example.com,+49 1692189711
T0091,private,Polina Pergande,,,polina.pergande@example.com,+49 1814925107
T0092,private,Babette Nohlmans,,,babette.nohlmans@example.com,+49 1133988417
T0093,private,Jens Sorgatz,,,jens.sorgatz@example.com,+49 1593013402
T0094,private,Hartwig Ditschlerin,,,hartwig.ditschlerin@example.com,+49 1996631412
T0095,private,Klemens Meister,,,klemens.meister@example.com,+49 1630859296
T0096,private,Gerolf Karge,,,gerolf.karge@example.com,+49 1422431830
T0097,private,Heinz-Günter Radisch,,,heinz.guenter.radisch@example.com,+49 1141711617
T0098,private,Anette Sontag,,,anette.sontag@example.com,+49 1098303074
T0099,private,Kathi Huhn,,,kathi.huhn@example.com,+49 1762945269
T0100,private,Hanne-Lore Lindner,,,hanne.lore.lindner@example.com,+49 1765840111
T0101,private,Loretta Wende,,,loretta.wende@example.com,+49 1421358005
T0102,private,Sieglinde Seidel,,,sieglinde.seidel@example.com,+49 1291554962
T0103,private,Sylvana Radisch,,,sylvana.radisch@example.com,+49 1380850012
T0104,private,Songül Adler,,,songuel.adler@example.com,+49 1964698194
T0105,private,Erhardt Dehmel,,,erhardt.dehmel@example.com,+49 1960726131
T0106,private,Barbara Caspar,,,barbara.caspar@example.com,+49 1276903170
T0107,private,Lissi Hiller,,,lissi.hiller@example.com,+49 1467111678
T0108,private,Viviane Mülichen,,,viviane.muelichen@example.com,+49 1595376139
T0109,private,Songül Gieß,,,songuel.giess@example.com,+49 1344865467
T0110,private,Mina Jacobi Jäckel,,,mina.jacobi.jaeckel@example.com,+49 1060346627
T0111,private,Caren Scholl,,,caren.scholl@example.com,+49 1501033339
T0112,private,Alexander Kade,,,alexander.kade@example.com,+49 1316911310
T0113,private,Sahin Biggen,,,sahin.biggen@example.com,+49 1413747991
T0114,private,Aenne Riehl,,,aenne.riehl@example.com,+49 1457356292
T0115,private,Albertine Jacobi Jäckel,,,albertine.jacobi.jaeckel@example.com,+49 1123055024
T0116,private,Adelbert Beckmann,,,adelbert.beckmann@example.com,+49 1427589617
T0117,private,Bernfried Roht,,,bernfried.roht@example.com,+49 1442606138
T0118,private,Sylvio Eckbauer,,,sylvio.eckbauer@example.com,+49 1239320305
T0119,private,Hannelore Ditschlerin,,,hannelore.ditschlerin@example.com,+49 1884254407
T0120,private,Giorgio Barkholz,,,giorgio.barkholz@example.com,+49 1452647944
T0121,private,Birgitta Schaaf,,,birgitta.schaaf@example.com,+49 1500106922
T0122,private,Carl-Heinz Süßebier,,,carl.heinz.suessebier@example.com,+49 1122901518
T0123,private,Ibrahim Neureuther,,,ibrahim.neureuther@example.com,+49 1781221347
T0124,private,Jiri Textor,,,jiri.textor@example.com,+49 1544945139
T0125,private,Pawel Bärer,,,pawel.baerer@example.com,+49 1758285110
T0126,private,Mirjam Mülichen,,,mirjam.muelichen@example.com,+49 1029529225
T0127,private,Doris Junitz,,,doris.junitz@example.com,+49 1432196526
T0128,private,Cordula Mitschke,,,cordula.mitschke@example.com,+49 1775624285
T0129,private,Carmelo Dobes,,,carmelo.dobes@example.com,+49 1355417487
T0130,private,Karl Heinz Bolzmann,,,karl.heinz.bolzmann@example.com,+49 1180842191
T0131,private,Josefine Hertrampf,,,josefine.hertrampf@example.com,+49 1087455099
T0132,private,Friedbert Berger,,,friedbert.berger@example.com,+49 1929537149
T0133,private,Reimund Thies,,,reimund.thies@example.com,+49 1497149680
T0134,private,Elisabeth Schulz,,,elisabeth.schulz@example.com,+49 1112597863
T0135,private,Zenon Klapp,,,zenon.klapp@example.com,+49 1922015282
T0136,private,Vincent Putz,,,vincent.putz@example.com,+49 1632304289
T0137,private,Liesel Dussen van,,,liesel.dussen.van@example.com,+49 1404974844
T0138,private,Branko Kraushaar,,,branko.kraushaar@example.com,+49 1443121319
T0139,private,Ralph Hornich,,,ralph.hornich@example.com,+49 1897941980
T0140,private,Marit Winkler,,,marit.winkler@example.com,+49 1318347342
T0141,private,Karl-Ernst Hettner,,,karl.ernst.hettner@example.com,+49 1016219132
T0142,private,Anneli Wesack,,,anneli.wesack@example.com,+49 1592462747
T0143,private,Philipp Pohl,,,philipp.pohl@example.com,+49 1708955993
T0144,private,Cengiz Dippel,,,cengiz.dippel@example.com,+49 1312562621
T0145,private,Hatice Killer,,,hatice.killer@example.com,+49 1033866311
T0146,private,Erhardt Bärer,,,erhardt.baerer@example.com,+49 1916841503
T0147,private,Jasmin Rogner,,,jasmin.rogner@example.com,+49 1091538029
T0148,private,Nicolaus Rosemann,,,nicolaus.rosemann@example.com,+49 1061723494
T0149,private,Recep Drubin,,,recep.drubin@example.com,+49 1629230620
T0150,private,Martha Lindner,,,martha.lindner@example.com,+49 1022938047
T0151,private,Meinhard Hermighausen,,,meinhard.hermighausen@example.com,+49 1584047054
T0152,private,Jelena Rosenow,,,jelena.rosenow@example.com,+49 1348566138
T0153,private,Irmela Scheel,,,irmela.scheel@example.com,+49 1145477593
T0154,private,Juergen Mentzel,,,juergen.mentzel@example.com,+49 1702659000
T0155,private,Aneta Jopich,,,aneta.jopich@example.com,+49 1819900024
T0156,private,Iris Hendriks,,,iris.hendriks@example.com,+49 1052496089
T0157,private,Karina Geisel,,,karina.geisel@example.com,+49 1251069748
T0158,private,Lilly Pölitz,,,lilly.poelitz@example.com,+49 1167732579
T0159,private,Karl Heinz Pärtzelt,,,karl.heinz.paertzelt@example.com,+49 1508028819
T0160,private,Pia Gröttner,,,pia.groettner@example.com,+49 1751666741
T0161,private,Katalin Gerlach,,,katalin.gerlach@example.com,+49 1113215458
T0162,private,Hanna Wieloch,,,hanna.wieloch@example.com,+49 1134178503
T0163,private,Anastasios Ruppert,,,anastasios.ruppert@example.com,+49 1876887667
T0164,private,Brunhild Bohnbach,,,brunhild.bohnbach@example.com,+49 1456725544
T0165,private,Elisa Kensy,,,elisa.kensy@example.com,+49 1696490136
T0166,private,Annika Vogt,,,annika.vogt@example.com,+49 1323416595
T0167,private,Abbas Mende,,,abbas.mende@example.com,+49 1545194076
T0168,private,Margit Tröst,,,margit.troest@example.com,+49 1633608993
T0169,private,Angela Hettner,,,angela.hettner@example.com,+49 1732921649
T0170,private,Ottilie Löffler,,,ottilie.loeffler@example.com,+49 1539493592
T0171,private,Jessica Häring,,,jessica.haering@example.com,+49 1420582416
T0172,private,Marten Tlustek,,,marten.tlustek@example.com,+49 1890613899
T0173,private,Josefa Seip,,,josefa.seip@example.com,+49 1131813514
T0174,private,Tatiana Blümel,,,tatiana.bluemel@example.com,+49 1289585343
T0175,private,Thorben Barkholz,,,thorben.barkholz@example.com,+49 1143649901
T0176,private,Jeanette Bolnbach,,,jeanette.bolnbach@example.com,+49 1706380992
T0177,private,Zenta Schmiedecke,,,zenta.schmiedecke@example.com,+49 1711672540
T0178,private,Reinhart Mende,,,reinhart.mende@example.com,+49 1107303131
T0179,private,Claus Dörr,,,claus.doerr@example.com,+49 1978619083
T0180,private,Ljiljana Schenk,,,ljiljana.schenk@example.com,+49 1819753825
T0181,private,Eberhardt Conradi,,,eberhardt.conradi@example.com,+49 1023318592
T0182,private,Pawel Margraf,,,pawel.margraf@example.com,+49 1191370957
T0183,private,Gundula Stolze,,,gundula.stolze@example.com,+49 1043317370
T0184,private,Vinzenz Wilms,,,vinzenz.wilms@example.com,+49 1868524925
T0185,private,Benno Killer,,,benno.killer@example.com,+49 1308368471
T0186,private,Annegret Hörle,,,annegret.hoerle@example.com,+49 1615126769
T0187,private,Volker Heinz,,,volker.heinz@example.com,+49 1917927869
T0188,private,Roberto Christoph,,,roberto.christoph@example.com,+49 1712109446
T0189,private,Joerg Förster,,,joerg.foerster@example.com,+49 1933024147
T0190,private,Beatrice Herrmann,,,beatrice.herrmann@example.com,+49 1695299231
T0191,private,Constantin Vollbrecht,,,constantin.vollbrecht@example.com,+49 1066520680
T0192,private,Valerie Koch II,,,valerie.koch.ii@example.com,+49 1454415432
T0193,private,Vesna Kostolzin,,,vesna.kostolzin@example.com,+49 1749434212
T0194,private,Gerard Hermann,,,gerard.hermann@example.com,+49 1410843849
T0195,private,Hans-Dieter Wieloch,,,hans.dieter.wieloch@example.com,+49 1094741581
T0196,private,Udo Otto,,,udo.otto@example.com,+49 1402085009
T0197,private,Hildburg Bloch,,,hildburg.bloch@example.com,+49 1115257610
T0198,private,Lidija Jäntsch,,,lidija.jaentsch@example.com,+49 1767042567
T0199,private,Janette Stolze,,,janette.stolze@example.com,+49 1946697443
T0200,private,Erika Fiebig,,,erika.fiebig@example.com,+49 1626113505
T0201,private,Fredy Fechner,,,fredy.fechner@example.com,+49 1243825725
T0202,private,Erdogan Sager,,,erdogan.sager@example.com,+49 1958887884
T0203,private,Anne-Rose Sontag,,,anne.rose.sontag@example.com,+49 1429614304
T0204,private,Christiane Mühle,,,christiane.muehle@example.com,+49 1805099437
T0205,private,Vincent Schmidtke,,,vincent.schmidtke@example.com,+49 1501286832
T0206,private,Eckhart Mans,,,eckhart.mans@example.com,+49 1060509029
T0207,private,Tülay Margraf,,,tuelay.margraf@example.com,+49 1678241623
T0208,private,Friedlinde Dörr,,,friedlinde.doerr@example.com,+49 1180077364
T0209,private,Klemens Ullrich,,,klemens.ullrich@example.com,+49 1384686569
T0210,private,Vinzenz Holzapfel,,,vinzenz.holzapfel@example.com,+49 1490597777
T0211,private,Tatjana Klemm,,,tatjana.klemm@example.com,+49 1035756521
T0212,private,Mechthilde Dippel,,,mechthilde.dippel@example.com,+49 1556635484
T0213,private,Raymond Stoll,,,raymond.stoll@example.com,+49 1787511003
T0214,private,Marliese Renner,,,marliese.renner@example.com,+49 1246208602
T0215,private,Sonja Kranz,,,sonja.kranz@example.com,+49 1206928015
T0216,private,Ismet Rudolph,,,ismet.rudolph@example.com,+49 1975657444
T0217,private,Felizitas auch Schlauchin,,,felizitas.auch.schlauchin@example.com,+49 1670369238
T0218,private,Tomas Klemm,,,tomas.klemm@example.com,+49 1662963807
T0219,private,Julian Siering,,,julian.siering@example.com,+49 1904476257
T0220,private,Ernst-Otto Lorch,,,ernst.otto.lorch@example.com,+49 1070527317
T0221,private,Willfried Haase,,,willfried.haase@example.com,+49 1128337098
T0222,private,Erhard Kallert,,,erhard.kallert@example.com,+49 1500457093
T0223,private,Gerhild Langern,,,gerhild.langern@example.com,+49 1977587034
T0224,private,Heinz-Josef Schuster,,,heinz.josef.schuster@example.com,+49 1817793484
T0225,private,Gisa Adler,,,gisa.adler@example.com,+49 1409912209
T0226,private,Christiane Mude,,,christiane.mude@example.com,+49 1000790054
T0227,private,Margitta Kraus,,,margitta.kraus@example.com,+49 1224262091
T0228,private,Marie-Louise Briemer,,,marie.louise.briemer@example.com,+49 1039024666
T0229,private,Martha Kusch,,,martha.kusch@example.com,+49 1016250749
T0230,private,Gino Werner,,,gino.werner@example.com,+49 1031906855
T0231,private,Hans-Albert Klapp,,,hans.albert.klapp@example.com,+49 1852420578
T0232,private,Hardy Jungfer,,,hardy.jungfer@example.com,+49 1233734716
T0233,private,Olav Löffler,,,olav.loeffler@example.com,+49 1023562253
T0234,private,Heinz Jockel,,,heinz.jockel@example.com,+49 1339457562
T0235,private,Emmi Dippel,,,emmi.dippel@example.com,+49 1680821349
T0236,private,Diether van der Dussen,,,diether.van.der.dussen@example.com,+49 1927836708
T0237,private,Karlfried Metz,,,karlfried.metz@example.com,+49 1063904276
T0238,private,Matthäus Hoffmann,,,matthaeus.hoffmann@example.com,+49 1060995590
T0239,private,Miroslav Junken,,,miroslav.junken@example.com,+49 1214878083
T0240,private,Pascale Scheel,,,pascale.scheel@example.com,+49 1476936107
T0241,private,Stephanie Dippel,,,stephanie.dippel@example.com,+49 1073988994
T0242,private,Anthony Köster,,,anthony.koester@example.com,+49 1951078527
T0243,private,Alina Heidrich,,,alina.heidrich@example.com,+49 1603295024
T0244,private,Roy Drub,,,roy.drub@example.com,+49 1665136460
T0245,private,Frida Förster,,,frida.foerster@example.com,+49 1266798154
T0246,private,Herta Henk,,,herta.henk@example.com,+49 1775815583
T0247,private,Romy Tintzmann,,,romy.tintzmann@example.com,+49 1079800058
T0248,private,Dragan Förster,,,dragan.foerster@example.com,+49 1497132926
T0249,private,Mariana Jähn,,,mariana.jaehn@example.com,+49 1419544542
T0250,private,Tina Röhricht,,,tina.roehricht@example.com,+49 1067404544
T0251,private,Karen Schmidtke,,,karen.schmidtke@example.com,+49 1903077085
T0252,private,Lydia Bolnbach,,,lydia.bolnbach@example.com,+49 1905206130
T0253,private,Louis Jopich,,,louis.jopich@example.com,+49 1571220866
T0254,private,Janet Gute,,,janet.gute@example.com,+49 1355231264
T0255,private,Hansjürgen Wiek,,,hansjuergen.wiek@example.com,+49 1882643471
T0256,private,Franz-Josef Finke,,,franz.josef.finke@example.com,+49 1892198040
T0257,private,Heinz-Günter Heß,,,heinz.guenter.hess@example.com,+49 1630592259
T0258,private,Eckart Schenk,,,eckart.schenk@example.com,+49 1275189738
T0259,private,Berend Heintze,,,berend.heintze@example.com,+49 1309287864
T0260,private,Magarete Seip,,,magarete.seip@example.com,+49 1476269570
T0261,private,Kunigunde Röhricht,,,kunigunde.roehricht@example.com,+49 1277731115
T0262,private,Gustav Kusch,,,gustav.kusch@example.com,+49 1386185332
T0263,private,Camilla Lübs,,,camilla.luebs@example.com,+49 1769011350
T0264,private,Editha Birnbaum,,,editha.birnbaum@example.com,+49 1231552265
T0265,private,Arnd Mülichen,,,arnd.muelichen@example.com,+49 1851186001
T0266,private,Valerie Paffrath,,,valerie.paffrath@example.com,+49 1806362915
T0267,private,Bela Roskoth,,,bela.roskoth@example.com,+49 1070198475
T0268,private,Meike Gehringer,,,meike.gehringer@example.com,+49 1074980380
T0269,private,Ingelore Scholl,,,ingelore.scholl@example.com,+49 1500982428
T0270,private,Rosmarie Linke,,,rosmarie.linke@example.com,+49 1803813240
T0271,business,,Ullmann Meister UG,Sybilla Matthäi,sybilla.matthaei@ullmannmeister.de,+49 1033134359
T0272,business,,Mende Stiftung & Co. GmbH & Co. KG,Kristian Hentschel,kristian.hentschel@mendestiftungco.de,+49 1139253890
T0273,business,,Walter Dörschner GmbH,Käthe Mühle,kaethe.muehle@walterdoerschner.de,+49 1859651873
T0274,business,,Junitz GmbH,Salih Graf,salih.graf@junitz.de,+49 1387582630
T0275,business,,Grein Groth Schlosser GmbH,Marek Mude,marek.mude@greingrothschlosser.de,+49 1036906798
T0276,business,,Stey GmbH,Karl Tlustek,karl.tlustek@stey.de,+49 1572409743
T0277,business,,Reinhardt UG,Jan Säuberlich,jan.saeuberlich@reinhardt.de,+49 1300042663
T0278,business,,Scheuermann Riehl UG,Hedda Beer,hedda.beer@scheuermannriehl.de,+49 1014197428
T0279,business,,Fröhlich UG,Magnus Biggen,magnus.biggen@froehlich.de,+49 1672533343
T0280,business,,Etzold Schweitzer GmbH & Co. KG,Wenke Pölitz,wenke.poelitz@etzoldschweitzer.de,+49 1863322821
T0281,business,,Scholtz Jacob GmbH & Co. KG,Frida Nerger,frida.nerger@scholtzjacob.de,+49 1292664373
T0282,business,,Löffler Schinke GmbH,Svea Trüb,svea.trueb@loefflerschinke.de,+49 1364805698
T0283,business,,Hertrampf Ullmann Stiftung & Co. GmbH,Tadeusz Kreusel,tadeusz.kreusel@hertrampfullmannstiftungco.de,+49 1241368777
T0284,business,,Hering GmbH & Co. KG,Hella Hethur,hella.hethur@hering.de,+49 1154331158
T0285,business,,Oestrovsky GmbH,Xenia Grein Groth,xenia.grein.groth@oestrovsky.de,+49 1035370737
T0286,business,,Gutknecht UG,Herwig Textor,herwig.textor@gutknecht.de,+49 1357441731
T0287,business,,Kraushaar GmbH,Oscar Aumann,oscar.aumann@kraushaar.de,+49 1676447381
T0288,business,,Fechner GmbH,Silke Klemt,silke.klemt@fechner.de,+49 1825759730
T0289,business,,Gierschner Kraushaar GmbH & Co. KG,Anneke Hesse,anneke.hesse@gierschnerkraushaar.de,+49 1582059727
T0290,business,,Rogner Grein Groth GmbH,Arnulf Jungfer,arnulf.jungfer@rognergreingroth.de,+49 1221257725
T0291,business,,Krein Schuchhardt GmbH,Mia Pechel,mia.pechel@kreinschuchhardt.de,+49 1879935071
T0292,business,,Schwital UG,Ursula Holt,ursula.holt@schwital.de,+49 1909254029
T0293,business,,Jäntsch GmbH,Witold Preiß,witold.preiss@jaentsch.de,+49 1474354177
T0294,business,,Hölzenbecher GmbH,Cordula Gutknecht,cordula.gutknecht@hoelzenbecher.de,+49 1879578377
T0295,business,,Tlustek Stiftung & Co. GmbH,Silvia Seifert,silvia.seifert@tlustekstiftungco.de,+49 1934691578
T0296,business,,Rädel GmbH,Dorothea Preiß,dorothea.preiss@raedel.de,+49 1686570342
T0297,business,,Kramer Barth GmbH,Madlen Hentschel,madlen.hentschel@kramerbarth.de,+49 1688708024
T0298,business,,Ladeck GmbH,Dieter Mende,dieter.mende@ladeck.de,+49 1277953906
T0299,business,,Lindner GmbH,Joseph Beier,joseph.beier@lindner.de,+49 1599618244
T0300,business,,Schenk Harloff Stiftung & Co. GmbH,Henry Adolph,henry.adolph@schenkharloffstiftungco.de,+49 1769839771
T0301,business,,Sontag Weimer UG,Nada Klingelhöfer,nada.klingelhoefer@sontagweimer.de,+49 1880750189
T0302,business,,Beier Haase GmbH & Co. KG,Edith Reuter,edith.reuter@beierhaase.de,+49 1949038107
T0303,business,,Winkler Zänker GmbH & Co. KG,Edeltraud Steuer,edeltraud.steuer@winklerzaenker.de,+49 1188146207
T0304,business,,Bohlander Bohlander UG,Hermann-Josef Röhricht,hermann.josef.roehricht@bohlanderbohlander.de,+49 1029274711
T0305,business,,Junk GmbH,Jonathan Tschentscher,jonathan.tschentscher@junk.de,+49 1740335429
T0306,business,,Spieß GmbH & Co. KG,Ilja Hauffer,ilja.hauffer@spiess.de,+49 1697348267
T0307,business,,Heidrich Stiftung & Co. GmbH & Co. KG,Brigitta Henck,brigitta.henck@heidrichstiftungco.de,+49 1159281441
T0308,business,,Liebelt GmbH,Violetta Nette,violetta.nette@liebelt.de,+49 1368584944
T0309,business,,Reichmann Hecker Stiftung & Co. GmbH & Co. KG,Dorle Becker,dorle.becker@reichmannheckerstiftungco.de,+49 1127737904
T0310,business,,Gerlach GmbH,Viviane Junitz,viviane.junitz@gerlach.de,+49 1485776035
T0311,business,,Dowerg UG,Leszek Eigenwillig,leszek.eigenwillig@dowerg.de,+49 1198273667
T0312,business,,Schacht GmbH & Co. KG,Solveig Adolph,solveig.adolph@schacht.de,+49 1077599290
T0313,business,,Haering UG,Rainer Hering,rainer.hering@haering.de,+49 1234000052
T0314,business,,Dörr GmbH,Bogdan Sontag,bogdan.sontag@doerr.de,+49 1541965050
T0315,business,,Schuster GmbH,Hans-Jürgen Kraus,hans.juergen.kraus@schuster.de,+49 1145219696
T0316,business,,Dobes Sager GmbH,Ole Scholl,ole.scholl@dobessager.de,+49 1048584697
T0317,business,,Ullrich GmbH,Deborah Wiek,deborah.wiek@ullrich.de,+49 1497048285
T0318,business,,Hethur Trommler GmbH,Hans Jörg Eckbauer,hans.joerg.eckbauer@hethurtrommler.de,+49 1510707364
T0319,business,,Wiek GmbH,Hans-Dieter Noack,hans.dieter.noack@wiek.de,+49 1217945524
T0320,business,,Binner Fritsch UG,Hedi Nerger,hedi.nerger@binnerfritsch.de,+49 1283843795
T0321,business,,Lindau UG,Gundel Möchlichen,gundel.moechlichen@lindau.de,+49 1629971609
T0322,business,,Käster GmbH,Fred Zirme,fred.zirme@kaester.de,+49 1360779014
T0323,business,,Hartmann GmbH,Rosa Kusch,rosa.kusch@hartmann.de,+49 1197738201
T0324,business,,Blümel Hecker GmbH,Giovanni Kuhl,giovanni.kuhl@bluemelhecker.de,+49 1617617109
T0325,business,,Striebitz UG,Hatice Jüttner,hatice.juettner@striebitz.de,+49 1519339509
T0326,business,,Walter Lübs GmbH,Adelinde Liebelt,adelinde.liebelt@walterluebs.de,+49 1078394076
T0327,business,,Kuhl Rogge GmbH,Gottfried Mülichen,gottfried.muelichen@kuhlrogge.de,+49 1588514145
T0328,business,,Nohlmans GmbH,Brunhild Ritter,brunhild.ritter@nohlmans.de,+49 1019535307
T0329,business,,Fiebig GmbH,Marit Junck,marit.junck@fiebig.de,+49 1641084101
T0330,business,,Ritter GmbH,Sigmar Heß,sigmar.hess@ritter.de,+49 1491458693
T0331,business,,auch Schlauchin GmbH,Silvio Austermühle,silvio.austermuehle@auchschlauchin.de,+49 1751705192
T0332,business,,Linke GmbH,Ines Bohlander,ines.bohlander@linke.de,+49 1127815959
T0333,business,,Bohnbach UG,Leander Schenk,leander.schenk@bohnbach.de,+49 1349167659
T0334,business,,Klemm GmbH,Berta Hamann,berta.hamann@klemm.de,+49 1129290981
T0335,business,,Hartmann Hethur GmbH,Cemal Ladeck,cemal.ladeck@hartmannhethur.de,+49 1705834494
T0336,business,,Neuschäfer Aumann GmbH,James Jopich,james.jopich@neuschaeferaumann.de,+49 1714085223
T0337,business,,Kitzmann GmbH,Lisa Schenk,lisa.schenk@kitzmann.de,+49 1152266973
T0338,business,,Vogt GmbH,Nora Eimer,nora.eimer@vogt.de,+49 1463753329
T0339,business,,Gehringer GmbH,Claus Jäkel,claus.jaekel@gehringer.de,+49 1948815353
T0340,business,,Stolze GmbH,Herrmann Misicher,herrmann.misicher@stolze.de,+49 1192764633
T0341,business,,Drubin GmbH & Co. KG,Henrik Krebs,henrik.krebs@drubin.de,+49 1020654519
T0342,business,,Pechel Wagenknecht GmbH,Claus-Dieter Hamann,claus.dieter.hamann@pechelwagenknecht.de,+49 1011112357
T0343,business,,Baum Löchel GmbH,Gertrude Schmidtke,gertrude.schmidtke@baumloechel.de,+49 1322997623
T0344,business,,Schenk GmbH,Natalja Schmiedt,natalja.schmiedt@schenk.de,+49 1928725486
T0345,business,,Losekann GmbH & Co. KG,Hans-Jörg Mälzer,hans.joerg.maelzer@losekann.de,+49 1311367168
T0346,business,,Seifert Kraushaar GmbH,Hansjoachim Hauffer,hansjoachim.hauffer@seifertkraushaar.de,+49 1121636263
T0347,business,,Bonbach GmbH,Kuno Butte,kuno.butte@bonbach.de,+49 1025824331
T0348,business,,Segebahn GmbH,Gunar Butte,gunar.butte@segebahn.de,+49 1326796329
T0349,business,,Schomber GmbH,Richard Rust,richard.rust@schomber.de,+49 1239698626
T0350,business,,Gieß GmbH,Lidija Hänel,lidija.haenel@giess.de,+49 1290737599
T0351,business,,Klingelhöfer Steuer UG,Isabella Eimer,isabella.eimer@klingelhoefersteuer.de,+49 1278287438
T0352,business,,Girschner Drewes UG,Irena Weller,irena.weller@girschnerdrewes.de,+49 1836705617
T0353,business,,Hoffmann Butte GmbH & Co. KG,Otto Gertz,otto.gertz@hoffmannbutte.de,+49 1736233077
T0354,business,,Lindner GmbH,Jörgen Werner,joergen.werner@lindner.de,+49 1970601922
T0355,business,,Stadelmann UG,Ansgar Heser,ansgar.heser@stadelmann.de,+49 1739135350
T0356,business,,Sontag GmbH,Andree Salz,andree.salz@sontag.de,+49 1965262056
T0357,business,,Koch II GmbH,Helmut Döhn,helmut.doehn@kochii.de,+49 1201404585
T0358,business,,Gotthard GmbH,Erol Mitschke,erol.mitschke@gotthard.de,+49 1342118709
T0359,business,,Rosemann GmbH & Co. KG,Fanny Wiek,fanny.wiek@rosemann.de,+49 1534214744
T0360,business,,Cichorius UG,Ildiko Gorlitz,ildiko.gorlitz@cichorius.de,+49 1595186476
